<?xml version="1.0" encoding="utf-8"?>
<Defs>
	<ThingDef ParentName="SF_EntityBase">
		
		
		<defName>SF_RiftStalker</defName>
		<label>Rift Stalker</label>
		<description>Placeholder Desc Race</description>
		
		<!--stat info, literally all place holder till QA...  <==================  remember to do this... i know you...-->
		<statBases>
			<MoveSpeed>20</MoveSpeed>
			<ComfyTemperatureMin>-40</ComfyTemperatureMin>
			<ComfyTemperatureMax>60</ComfyTemperatureMax>
			<PsychicSensitivity>2</PsychicSensitivity>
			<LeatherAmount>20</LeatherAmount>
			<MeatAmount>70</MeatAmount>
			<ArmorRating_Sharp>0.5</ArmorRating_Sharp>
			<ArmorRating_Blunt>0.3</ArmorRating_Blunt>
			<ArmorRating_Heat>0.2</ArmorRating_Heat>
			<ToxicResistance>0.5</ToxicResistance>
		</statBases>
		<tradeability>None</tradeability>


		<race>
			
			<!--        Mental Stuff         -->
			<alwaysViolent>false</alwaysViolent>
			<thinkTreeMain></thinkTreeMain> <!-- Custom Think Tree, needs implementation -->
			<thinkTreeConstant></thinkTreeConstant>
			
			<!--     Body size info          -->
			<baseBodySize>4</baseBodySize>
			<baseHealthScale>7.2</baseHealthScale>
			
			
			<!--    Intelligence              -->
			<intelligence>ToolUser</intelligence> <!--Smart boi-->
			<needsRest>false</needsRest>
			
			<!--        Body Info      -->
			<bloodDef></bloodDef> <!-- I need discussion on what the beast is actually made of -->
			<fleshType></fleshType>
			<specificMeatDef></specificMeatDef>
			<leatherDef></leatherDef>
			<bleedRateFactor>0.5</bleedRateFactor>
			<hasGenders>false</hasGenders>
			<foodType>None</foodType>
			<lifeExpectancy>200</lifeExpectancy>
			<body>SF_Base_Body</body> <!--temp using base body till i can figure out what the creatures body is like <========== THIS TOO!! I KNOW YOU HEAR ME! -->
			
			<overrideShouldHaveAbilityTracker>true</overrideShouldHaveAbilityTracker>			
			<isImmuneToInfections>true</isImmuneToInfections>
						 
			
			<!-- NOISES  -->
			<soundMeleeHitPawn>Pawn_Melee_SmallScratch_HitPawn</soundMeleeHitPawn>
			<soundMeleeHitBuilding>Pawn_Melee_SmallScratch_HitBuilding</soundMeleeHitBuilding>
			<soundMeleeMiss>Pawn_Melee_SmallScratch_Miss</soundMeleeMiss>
			<soundMeleeDodge>Pawn_MeleeDodge</soundMeleeDodge>
			
			<!-- misc  -->
			<disableIgniteVerb>true</disableIgniteVerb>
			<trainability>Advanced</trainability>
			<canBecomeShambler>true</canBecomeShambler>
			<lifeStageAges>
				<li> <!-- placeholder devourer stuff -->
					<def>EntityFullyFormed</def>
					<soundCall>Pawn_Devourer_Call</soundCall>  
					<soundWounded>Pawn_Devourer_Wounded</soundWounded>
					<soundAttack>Pawn_Devourer_Attack</soundAttack>
				</li>
			</lifeStageAges>
		</race>
		
		
	</ThingDef>
</Defs>