<?xml version="1.0" encoding="utf-8"?>
<Defs>
	<ThingDef ParentName="BasePawn" Name="SF_BaseRace" Abstract="True">
		<defName>SF_BodyRace_def</defName>
		<comps>
			<!--
			Add once the custom swallow configuration has been implemented. 
			-->
		</comps>
		<tools>
			<li>
				<label>front left claw</label>
				<labelNoLocation>claw</labelNoLocation>
				<capacities>
					<li>Scratch</li>
				</capacities>
				<power>25</power>
				<cooldownTime>2</cooldownTime>
				<linkedBodyPartsGroup>FrontLeftClaw</linkedBodyPartsGroup>
				<surpriseAttack>
					<extraMeleeDamages>
						<li>
							<def>Stun</def>
							<amount>14</amount>
						</li>
					</extraMeleeDamages>
				</surpriseAttack>
			</li>
			<li>
				<label>front right claw</label>
				<labelNoLocation>claw</labelNoLocation>
				<capacities>
					<li>Scratch</li>
				</capacities>
				<power>25</power>
				<cooldownTime>2</cooldownTime>
				<linkedBodyPartsGroup>FrontRightClaw</linkedBodyPartsGroup>
				<surpriseAttack>
					<extraMeleeDamages>
						<li>
							<def>Stun</def>
							<amount>14</amount>
						</li>
					</extraMeleeDamages>
				</surpriseAttack>
			</li>
		</tools>
	</ThingDef>
</Defs>